file                                       format  type   num_seqs      sum_len  min_len  avg_len  max_len
rawdata/merged_data/sl1_10N_1.fastq.gz     FASTQ   DNA   2,201,157  332,374,707      151      151      151
rawdata/merged_data/sl1_10N_2.fastq.gz     FASTQ   DNA   2,201,157  332,374,707      151      151      151
rawdata/merged_data/sl1_14N_1.fastq.gz     FASTQ   DNA   2,091,766  315,856,666      151      151      151
rawdata/merged_data/sl1_14N_2.fastq.gz     FASTQ   DNA   2,091,766  315,856,666      151      151      151
rawdata/merged_data/sl1_3N_1.fastq.gz      FASTQ   DNA   2,162,958  326,606,658      151      151      151
rawdata/merged_data/sl1_3N_2.fastq.gz      FASTQ   DNA   2,162,958  326,606,658      151      151      151
rawdata/merged_data/sl1_3_4N_1.fastq.gz    FASTQ   DNA   2,464,159  372,088,009      151      151      151
rawdata/merged_data/sl1_3_4N_2.fastq.gz    FASTQ   DNA   2,464,159  372,088,009      151      151      151
rawdata/merged_data/sl1_3_5N_1.fastq.gz    FASTQ   DNA   2,623,315  396,120,565      151      151      151
rawdata/merged_data/sl1_3_5N_2.fastq.gz    FASTQ   DNA   2,623,315  396,120,565      151      151      151
rawdata/merged_data/sl1_4N_1.fastq.gz      FASTQ   DNA   3,771,495  569,495,745      151      151      151
rawdata/merged_data/sl1_4N_2.fastq.gz      FASTQ   DNA   3,771,495  569,495,745      151      151      151
rawdata/merged_data/sl1_4_5N_1.fastq.gz    FASTQ   DNA   3,242,379  489,599,229      151      151      151
rawdata/merged_data/sl1_4_5N_2.fastq.gz    FASTQ   DNA   3,242,379  489,599,229      151      151      151
rawdata/merged_data/sl1_4_6N_1.fastq.gz    FASTQ   DNA   2,139,650  323,087,150      151      151      151
rawdata/merged_data/sl1_4_6N_2.fastq.gz    FASTQ   DNA   2,139,650  323,087,150      151      151      151
rawdata/merged_data/sl1_4_7N_1.fastq.gz    FASTQ   DNA   2,364,484  357,037,084      151      151      151
rawdata/merged_data/sl1_4_7N_2.fastq.gz    FASTQ   DNA   2,364,484  357,037,084      151      151      151
rawdata/merged_data/sl1_4_8N_1.fastq.gz    FASTQ   DNA   1,997,071  301,557,721      151      151      151
rawdata/merged_data/sl1_4_8N_2.fastq.gz    FASTQ   DNA   1,997,071  301,557,721      151      151      151
rawdata/merged_data/sl1_4_9N_1.fastq.gz    FASTQ   DNA   2,614,501  394,789,651      151      151      151
rawdata/merged_data/sl1_4_9N_2.fastq.gz    FASTQ   DNA   2,614,501  394,789,651      151      151      151
rawdata/merged_data/sl1_5N_1.fastq.gz      FASTQ   DNA   1,926,666  290,926,566      151      151      151
rawdata/merged_data/sl1_5N_2.fastq.gz      FASTQ   DNA   1,926,666  290,926,566      151      151      151
rawdata/merged_data/sl1_7N_1.fastq.gz      FASTQ   DNA   1,980,532  299,060,332      151      151      151
rawdata/merged_data/sl1_7N_2.fastq.gz      FASTQ   DNA   1,980,532  299,060,332      151      151      151
rawdata/merged_data/sl1_MIG_1.fastq.gz     FASTQ   DNA   4,507,583  680,645,033      151      151      151
rawdata/merged_data/sl1_MIG_2.fastq.gz     FASTQ   DNA   4,507,583  680,645,033      151      151      151
rawdata/merged_data/sl1_cm4N_1.fastq.gz    FASTQ   DNA   2,143,198  323,622,898      151      151      151
rawdata/merged_data/sl1_cm4N_2.fastq.gz    FASTQ   DNA   2,143,198  323,622,898      151      151      151
rawdata/merged_data/sl1_cm4_5N_1.fastq.gz  FASTQ   DNA   2,177,731  328,837,381      151      151      151
rawdata/merged_data/sl1_cm4_5N_2.fastq.gz  FASTQ   DNA   2,177,731  328,837,381      151      151      151
rawdata/merged_data/sl1_cm_1.fastq.gz      FASTQ   DNA   2,428,034  366,633,134      151      151      151
rawdata/merged_data/sl1_cm_2.fastq.gz      FASTQ   DNA   2,428,034  366,633,134      151      151      151
rawdata/merged_data/sl2_10N_1.fastq.gz     FASTQ   DNA   2,022,587  305,410,637      151      151      151
rawdata/merged_data/sl2_10N_2.fastq.gz     FASTQ   DNA   2,022,587  305,410,637      151      151      151
rawdata/merged_data/sl2_14N_1.fastq.gz     FASTQ   DNA   2,813,815  424,886,065      151      151      151
rawdata/merged_data/sl2_14N_2.fastq.gz     FASTQ   DNA   2,813,815  424,886,065      151      151      151
rawdata/merged_data/sl2_3N_1.fastq.gz      FASTQ   DNA   2,286,443  345,252,893      151      151      151
rawdata/merged_data/sl2_3N_2.fastq.gz      FASTQ   DNA   2,286,443  345,252,893      151      151      151
rawdata/merged_data/sl2_3_4N_1.fastq.gz    FASTQ   DNA   2,309,641  348,755,791      151      151      151
rawdata/merged_data/sl2_3_4N_2.fastq.gz    FASTQ   DNA   2,309,641  348,755,791      151      151      151
rawdata/merged_data/sl2_3_5N_1.fastq.gz    FASTQ   DNA   3,302,202  498,632,502      151      151      151
rawdata/merged_data/sl2_3_5N_2.fastq.gz    FASTQ   DNA   3,302,202  498,632,502      151      151      151
rawdata/merged_data/sl2_4N_1.fastq.gz      FASTQ   DNA   3,274,114  494,391,214      151      151      151
rawdata/merged_data/sl2_4N_2.fastq.gz      FASTQ   DNA   3,274,114  494,391,214      151      151      151
rawdata/merged_data/sl2_4_5N_1.fastq.gz    FASTQ   DNA   2,878,413  434,640,363      151      151      151
rawdata/merged_data/sl2_4_5N_2.fastq.gz    FASTQ   DNA   2,878,413  434,640,363      151      151      151
rawdata/merged_data/sl2_4_6N_1.fastq.gz    FASTQ   DNA   1,724,684  260,427,284      151      151      151
rawdata/merged_data/sl2_4_6N_2.fastq.gz    FASTQ   DNA   1,724,684  260,427,284      151      151      151
rawdata/merged_data/sl2_4_7N_1.fastq.gz    FASTQ   DNA   2,889,590  436,328,090      151      151      151
rawdata/merged_data/sl2_4_7N_2.fastq.gz    FASTQ   DNA   2,889,590  436,328,090      151      151      151
rawdata/merged_data/sl2_4_8N_1.fastq.gz    FASTQ   DNA   1,847,438  278,963,138      151      151      151
rawdata/merged_data/sl2_4_8N_2.fastq.gz    FASTQ   DNA   1,847,438  278,963,138      151      151      151
rawdata/merged_data/sl2_4_9N_1.fastq.gz    FASTQ   DNA   3,288,762  496,603,062      151      151      151
rawdata/merged_data/sl2_4_9N_2.fastq.gz    FASTQ   DNA   3,288,762  496,603,062      151      151      151
rawdata/merged_data/sl2_5N_1.fastq.gz      FASTQ   DNA   1,819,678  274,771,378      151      151      151
rawdata/merged_data/sl2_5N_2.fastq.gz      FASTQ   DNA   1,819,678  274,771,378      151      151      151
rawdata/merged_data/sl2_7N_1.fastq.gz      FASTQ   DNA   2,370,797  357,990,347      151      151      151
rawdata/merged_data/sl2_7N_2.fastq.gz      FASTQ   DNA   2,370,797  357,990,347      151      151      151
rawdata/merged_data/sl2_MIG_1.fastq.gz     FASTQ   DNA   4,344,391  656,003,041      151      151      151
rawdata/merged_data/sl2_MIG_2.fastq.gz     FASTQ   DNA   4,344,391  656,003,041      151      151      151
rawdata/merged_data/sl2_cm4N_1.fastq.gz    FASTQ   DNA   2,424,963  366,169,413      151      151      151
rawdata/merged_data/sl2_cm4N_2.fastq.gz    FASTQ   DNA   2,424,963  366,169,413      151      151      151
rawdata/merged_data/sl2_cm4_5N_1.fastq.gz  FASTQ   DNA   1,768,453  267,036,403      151      151      151
rawdata/merged_data/sl2_cm4_5N_2.fastq.gz  FASTQ   DNA   1,768,453  267,036,403      151      151      151
rawdata/merged_data/sl2_cm_1.fastq.gz      FASTQ   DNA   1,942,341  293,293,491      151      151      151
rawdata/merged_data/sl2_cm_2.fastq.gz      FASTQ   DNA   1,942,341  293,293,491      151      151      151
